<prezi xsi:schemaLocation="http://prezi.com/schema/prezi/2 http://prezi.com/schema/prezi/2" xmlns:xsi="http://www.w3.org/2001/XMLSchema-instance" version="2" xmlns="http://prezi.com/schema/prezi/2"><xFields><xField name="preziType"><xEnum type="PreziType" value="converted-from-core"/></xField></xFields><background><background><layers><array><backgroundImage><depth><double value="222.18644166523865"/></depth><fadeScale><double value="0.009901594280512722"/></fadeScale><width><double value="4000"/></width><height><double value="2500"/></height><onlineAssetId><string value="1644285938"/></onlineAssetId><onlineAssetUrl><string value="http://0103.static.prezi.com.s3.amazonaws.com/media/4/8/0/fa30726c6f920d4f72324efc03e19180a1119.png"/></onlineAssetUrl><assetSourceFilename><string value="process.png"/></assetSourceFilename><localToWorld><transform2D x="150285.55981387015" y="160361.97057167726" scale="288.65229969529645" rotation="0"/></localToWorld></backgroundImage></array></layers></background></background><documentStyle><documentStyle><fontClasses><array><fontClass><fontFamily><string value="Cabin"/></fontFamily><name><string value="body"/></name></fontClass><fontClass><fontFamily><string value="Cabin"/></fontFamily><fontWeight><fontWeight value="bold"/></fontWeight><name><string value="head"/></name></fontClass><fontClass><fontFamily><string value="Cabin"/></fontFamily><fontStyle><fontStyle value="italic"/></fontStyle><fontWeight><fontWeight value="bold"/></fontWeight><name><string value="strong"/></name></fontClass></array></fontClasses><fontFamilies><array><fontFamily><fontFaces><array><fontFace><fontSrc><string value="Cabin-Regular.keg"/></fontSrc></fontFace><fontFace><fontSrc><string value="Cabin-Bold.keg"/></fontSrc><fontWeight><fontWeight value="bold"/></fontWeight></fontFace><fontFace><fontSrc><string value="Cabin-BoldItalic.keg"/></fontSrc><fontStyle><fontStyle value="italic"/></fontStyle><fontWeight><fontWeight value="bold"/></fontWeight></fontFace><fontFace><fontSrc><string value="Cabin-Italic.keg"/></fontSrc><fontStyle><fontStyle value="italic"/></fontStyle></fontFace></array></fontFaces><name><string value="Cabin"/></name></fontFamily></array></fontFamilies><styleDeclarations><array><styleDeclaration><styleBlock><styleBlock><gradEndAlpha><double value="0.7"/></gradEndAlpha><gradStartAlpha><double value="0.5"/></gradStartAlpha></styleBlock></styleBlock><styleSelector><simpleSelector value="zCircle"/></styleSelector></styleDeclaration><styleDeclaration><styleBlock><styleBlock><color><color value="#191919"/></color><gradEndColor><color value="#191919"/></gradEndColor><gradStartColor><color value="#191919"/></gradStartColor><fillType><fillType value="linear"/></fillType></styleBlock></styleBlock><styleSelector><simpleSelector value="*.line1"/></styleSelector></styleDeclaration><styleDeclaration><styleBlock><styleBlock><color><color value="#333333"/></color><gradEndColor><color value="#333333"/></gradEndColor><gradStartColor><color value="#333333"/></gradStartColor><fillType><fillType value="linear"/></fillType></styleBlock></styleBlock><styleSelector><simpleSelector value="*.line2"/></styleSelector></styleDeclaration><styleDeclaration><styleBlock><styleBlock><color><color value="#2B53B2"/></color><gradEndColor><color value="#2B53B2"/></gradEndColor><gradStartColor><color value="#2B53B2"/></gradStartColor><fillType><fillType value="linear"/></fillType></styleBlock></styleBlock><styleSelector><simpleSelector value="*.line3"/></styleSelector></styleDeclaration><styleDeclaration><styleBlock><styleBlock><color><color value="#595959"/></color><gradEndColor><color value="#595959"/></gradEndColor><gradStartColor><color value="#595959"/></gradStartColor><fillType><fillType value="linear"/></fillType></styleBlock></styleBlock><styleSelector><simpleSelector value="*.line4"/></styleSelector></styleDeclaration><styleDeclaration><styleBlock><styleBlock><color><color value="#737373"/></color><gradEndColor><color value="#737373"/></gradEndColor><gradStartColor><color value="#737373"/></gradStartColor><fillType><fillType value="linear"/></fillType></styleBlock></styleBlock><styleSelector><simpleSelector value="*.line5"/></styleSelector></styleDeclaration><styleDeclaration><styleBlock><styleBlock><gradEndColor><color value="#191919"/></gradEndColor><gradStartColor><color value="#191919"/></gradStartColor><fillType><fillType value="linear"/></fillType></styleBlock></styleBlock><styleSelector><simpleSelector value="*.poly1"/></styleSelector></styleDeclaration><styleDeclaration><styleBlock><styleBlock><gradEndColor><color value="#333333"/></gradEndColor><gradStartColor><color value="#333333"/></gradStartColor><fillType><fillType value="linear"/></fillType></styleBlock></styleBlock><styleSelector><simpleSelector value="*.poly2"/></styleSelector></styleDeclaration><styleDeclaration><styleBlock><styleBlock><gradEndColor><color value="#2B53B2"/></gradEndColor><gradStartColor><color value="#2B53B2"/></gradStartColor><fillType><fillType value="linear"/></fillType></styleBlock></styleBlock><styleSelector><simpleSelector value="*.poly3"/></styleSelector></styleDeclaration><styleDeclaration><styleBlock><styleBlock><gradEndColor><color value="#595959"/></gradEndColor><gradStartColor><color value="#595959"/></gradStartColor><fillType><fillType value="linear"/></fillType></styleBlock></styleBlock><styleSelector><simpleSelector value="*.poly4"/></styleSelector></styleDeclaration><styleDeclaration><styleBlock><styleBlock><gradEndColor><color value="#737373"/></gradEndColor><gradStartColor><color value="#737373"/></gradStartColor><fillType><fillType value="linear"/></fillType></styleBlock></styleBlock><styleSelector><simpleSelector value="*.poly5"/></styleSelector></styleDeclaration><styleDeclaration><styleBlock><styleBlock><gradEndColor><color value="#AAAABB"/></gradEndColor><gradStartColor><color value="#FFFFFF"/></gradStartColor><fillType><fillType value="linear"/></fillType></styleBlock></styleBlock><styleSelector><simpleSelector value="background"/></styleSelector></styleDeclaration><styleDeclaration><styleBlock><styleBlock><gradEndAlpha><double value="1"/></gradEndAlpha><gradEndColor><color value="#737373"/></gradEndColor><gradStartColor><color value="#737373"/></gradStartColor><fillType><fillType value="linear"/></fillType><borderAlpha><double value="0"/></borderAlpha><borderThickness><double value="0"/></borderThickness><thickness><double value="7"/></thickness></styleBlock></styleBlock><styleSelector><simpleSelector value="zArrow"/></styleSelector></styleDeclaration><styleDeclaration><styleBlock><styleBlock><gradEndAlpha><double value="1"/></gradEndAlpha><gradStartAlpha><double value="1"/></gradStartAlpha><borderAlpha><double value="0"/></borderAlpha><borderThickness><double value="0"/></borderThickness><radius><double value="0"/></radius><thickness><double value="100"/></thickness></styleBlock></styleBlock><styleSelector><simpleSelector value="zCircle"/></styleSelector></styleDeclaration><styleDeclaration><styleBlock><styleBlock><color><color value="#333333"/></color></styleBlock></styleBlock><styleSelector><simpleSelector value="zPencil"/></styleSelector></styleDeclaration><styleDeclaration><styleBlock><styleBlock><gradEndAlpha><double value="1"/></gradEndAlpha><gradEndColor><color value="#2B53B2"/></gradEndColor><gradStartAlpha><double value="1"/></gradStartAlpha><gradStartColor><color value="#2B53B2"/></gradStartColor><fillType><fillType value="linear"/></fillType><borderAlpha><double value="0"/></borderAlpha><borderThickness><double value="0"/></borderThickness><padding><double value="1.03"/></padding><radius><double value="10"/></radius><thickness><double value="18"/></thickness></styleBlock></styleBlock><styleSelector><simpleSelector value="zBracketFrame"/></styleSelector></styleDeclaration><styleDeclaration><styleBlock><styleBlock><gradEndAlpha><double value="1"/></gradEndAlpha><gradEndColor><color value="#2B53B2"/></gradEndColor><gradStartAlpha><double value="1"/></gradStartAlpha><gradStartColor><color value="#2B53B2"/></gradStartColor><fillType><fillType value="linear"/></fillType><borderAlpha><double value="0"/></borderAlpha><borderThickness><double value="0"/></borderThickness><padding><double value="1.03"/></padding><thickness><double value="15"/></thickness></styleBlock></styleBlock><styleSelector><simpleSelector value="zCircleFrame"/></styleSelector></styleDeclaration><styleDeclaration><styleBlock><styleBlock><gradEndAlpha><double value="1"/></gradEndAlpha><gradEndColor><color value="#8FA7D9"/></gradEndColor><gradStartAlpha><double value="1"/></gradStartAlpha><gradStartColor><color value="#8FA7D9"/></gradStartColor><fillType><fillType value="linear"/></fillType><borderAlpha><double value="1"/></borderAlpha><borderColor><color value="#2B53B2"/></borderColor><borderThickness><double value="20"/></borderThickness><padding><double value="1.03"/></padding><radius><double value="35"/></radius></styleBlock></styleBlock><styleSelector><simpleSelector value="zRectangleFrame"/></styleSelector></styleDeclaration><styleDeclaration><styleBlock><styleBlock><padding><double value="1.2"/></padding></styleBlock></styleBlock><styleSelector><simpleSelector value="zText"/></styleSelector></styleDeclaration><styleDeclaration><styleBlock><styleBlock><color><color value="#000000"/></color><fontClass><string value="body"/></fontClass></styleBlock></styleBlock><styleSelector><simpleSelector value="zText.body"/></styleSelector></styleDeclaration><styleDeclaration><styleBlock><styleBlock><backgroundAlpha><double value="0.8"/></backgroundAlpha><backgroundColor><color value="#404040"/></backgroundColor><backgroundPadding><double value="5"/></backgroundPadding></styleBlock></styleBlock><styleSelector><simpleSelector value="zText.body-background"/></styleSelector></styleDeclaration><styleDeclaration><styleBlock><styleBlock><color><color value="#2B53B2"/></color><fontClass><string value="head"/></fontClass></styleBlock></styleBlock><styleSelector><simpleSelector value="zText.title"/></styleSelector></styleDeclaration><styleDeclaration><styleBlock><styleBlock><backgroundAlpha><double value="0.8"/></backgroundAlpha><backgroundColor><color value="#FFFFFF"/></backgroundColor><backgroundPadding><double value="5"/></backgroundPadding></styleBlock></styleBlock><styleSelector><simpleSelector value="zText.title-background"/></styleSelector></styleDeclaration><styleDeclaration><styleBlock><styleBlock><color><color value="#000000"/></color><fontClass><string value="strong"/></fontClass></styleBlock></styleBlock><styleSelector><simpleSelector value="zText.subtitle"/></styleSelector></styleDeclaration><styleDeclaration><styleBlock><styleBlock><backgroundAlpha><double value="0.8"/></backgroundAlpha><backgroundColor><color value="#2B53B2"/></backgroundColor><backgroundPadding><double value="5"/></backgroundPadding></styleBlock></styleBlock><styleSelector><simpleSelector value="zText.subtitle-background"/></styleSelector></styleDeclaration><styleDeclaration><styleBlock><styleBlock><color><color value="#333333"/></color><borderAlpha><double value="0"/></borderAlpha><borderThickness><double value="0"/></borderThickness></styleBlock></styleBlock><styleSelector><simpleSelector value="zLine"/></styleSelector></styleDeclaration><styleDeclaration><styleBlock><styleBlock><color><color value="#EDFF3D"/></color><alpha><double value="0.5"/></alpha></styleBlock></styleBlock><styleSelector><simpleSelector value="zMarker"/></styleSelector></styleDeclaration><styleDeclaration><styleBlock><styleBlock><gradEndAlpha><double value="1"/></gradEndAlpha><gradStartAlpha><double value="1"/></gradStartAlpha><borderAlpha><double value="0"/></borderAlpha><borderThickness><double value="0"/></borderThickness><radius><double value="30"/></radius></styleBlock></styleBlock><styleSelector><simpleSelector value="zTriangle"/></styleSelector></styleDeclaration><styleDeclaration><styleBlock><styleBlock><gradEndAlpha><double value="1"/></gradEndAlpha><gradStartAlpha><double value="1"/></gradStartAlpha><borderAlpha><double value="0"/></borderAlpha><borderThickness><double value="0"/></borderThickness><radius><double value="30"/></radius></styleBlock></styleBlock><styleSelector><simpleSelector value="zSquare"/></styleSelector></styleDeclaration><styleDeclaration><styleBlock><styleBlock><color><color value="#194A99"/></color><gradEndAlpha><double value="1"/></gradEndAlpha><gradEndColor><color value="#194A99"/></gradEndColor><gradStartAlpha><double value="1"/></gradStartAlpha><gradStartColor><color value="#194A99"/></gradStartColor><fillType><fillType value="linear"/></fillType><thickness><double value="8"/></thickness></styleBlock></styleBlock><styleSelector><simpleSelector value="#58_24309637"/></styleSelector></styleDeclaration><styleDeclaration><styleBlock><styleBlock><color><color value="#194A99"/></color><gradEndAlpha><double value="1"/></gradEndAlpha><gradEndColor><color value="#194A99"/></gradEndColor><gradStartAlpha><double value="1"/></gradStartAlpha><gradStartColor><color value="#194A99"/></gradStartColor><fillType><fillType value="linear"/></fillType><thickness><double value="8"/></thickness></styleBlock></styleBlock><styleSelector><simpleSelector value="#59_24309637"/></styleSelector></styleDeclaration><styleDeclaration><styleBlock><styleBlock><color><color value="#194A99"/></color><gradEndAlpha><double value="1"/></gradEndAlpha><gradEndColor><color value="#194A99"/></gradEndColor><gradStartAlpha><double value="1"/></gradStartAlpha><gradStartColor><color value="#194A99"/></gradStartColor><fillType><fillType value="linear"/></fillType><thickness><double value="8"/></thickness></styleBlock></styleBlock><styleSelector><simpleSelector value="#60_24309637"/></styleSelector></styleDeclaration><styleDeclaration><styleBlock><styleBlock><color><color value="#194A99"/></color><gradEndAlpha><double value="1"/></gradEndAlpha><gradEndColor><color value="#194A99"/></gradEndColor><gradStartAlpha><double value="1"/></gradStartAlpha><gradStartColor><color value="#194A99"/></gradStartColor><fillType><fillType value="linear"/></fillType><thickness><double value="8"/></thickness></styleBlock></styleBlock><styleSelector><simpleSelector value="#61_24309637"/></styleSelector></styleDeclaration><styleDeclaration><styleBlock><styleBlock><color><color value="#194A99"/></color><gradEndAlpha><double value="1"/></gradEndAlpha><gradEndColor><color value="#194A99"/></gradEndColor><gradStartAlpha><double value="1"/></gradStartAlpha><gradStartColor><color value="#194A99"/></gradStartColor><fillType><fillType value="linear"/></fillType><thickness><double value="8"/></thickness></styleBlock></styleBlock><styleSelector><simpleSelector value="#63_24309637"/></styleSelector></styleDeclaration><styleDeclaration><styleBlock><styleBlock><thickness><double value="8"/></thickness></styleBlock></styleBlock><styleSelector><simpleSelector value="#72_24309637"/></styleSelector></styleDeclaration><styleDeclaration><styleBlock><styleBlock><thickness><double value="8"/></thickness></styleBlock></styleBlock><styleSelector><simpleSelector value="#73_24309637"/></styleSelector></styleDeclaration><styleDeclaration><styleBlock><styleBlock><thickness><double value="8"/></thickness></styleBlock></styleBlock><styleSelector><simpleSelector value="#74_24309637"/></styleSelector></styleDeclaration><styleDeclaration><styleBlock><styleBlock><thickness><double value="8"/></thickness></styleBlock></styleBlock><styleSelector><simpleSelector value="#75_24309637"/></styleSelector></styleDeclaration><styleDeclaration><styleBlock><styleBlock><thickness><double value="8"/></thickness></styleBlock></styleBlock><styleSelector><simpleSelector value="#76_24309637"/></styleSelector></styleDeclaration><styleDeclaration><styleBlock><styleBlock><thickness><double value="8"/></thickness></styleBlock></styleBlock><styleSelector><simpleSelector value="#77_24309637"/></styleSelector></styleDeclaration><styleDeclaration><styleBlock><styleBlock><thickness><double value="8"/></thickness></styleBlock></styleBlock><styleSelector><simpleSelector value="#78_24309637"/></styleSelector></styleDeclaration><styleDeclaration><styleBlock><styleBlock><borderColor><color value="#333333"/></borderColor></styleBlock></styleBlock><styleSelector><simpleSelector value="#80_24309637"/></styleSelector></styleDeclaration><styleDeclaration><styleBlock><styleBlock><color><color value="#194A99"/></color><gradEndAlpha><double value="1"/></gradEndAlpha><gradEndColor><color value="#194A99"/></gradEndColor><gradStartAlpha><double value="1"/></gradStartAlpha><gradStartColor><color value="#194A99"/></gradStartColor><fillType><fillType value="linear"/></fillType><thickness><double value="8"/></thickness></styleBlock></styleBlock><styleSelector><simpleSelector value="#82_24309637"/></styleSelector></styleDeclaration><styleDeclaration><styleBlock><styleBlock><borderColor><color value="#333333"/></borderColor></styleBlock></styleBlock><styleSelector><simpleSelector value="#85_24309637"/></styleSelector></styleDeclaration><styleDeclaration><styleBlock><styleBlock><thickness><double value="8"/></thickness></styleBlock></styleBlock><styleSelector><simpleSelector value="#88_24309637"/></styleSelector></styleDeclaration><styleDeclaration><styleBlock><styleBlock><borderColor><color value="#2B53B2"/></borderColor><thickness><double value="7"/></thickness></styleBlock></styleBlock><styleSelector><simpleSelector value="#90_24309637"/></styleSelector></styleDeclaration></array></styleDeclarations></documentStyle></documentStyle><path><array><flyToObject><target><ref value="15_24309637"/></target></flyToObject><flyToObject><target><ref value="85_24309637"/></target></flyToObject><flyToObject><target><ref value="0_41687117"/></target></flyToObject><flyToObject><target><ref value="3_41687117"/></target></flyToObject><flyToObject><target><ref value="6_41687117"/></target></flyToObject><flyToObject><target><ref value="23_41687117"/></target></flyToObject><flyToObject><target><ref value="26_41687117"/></target></flyToObject><flyToObject><target><ref value="84_24309637"/></target></flyToObject><flyToObject><target><ref value="94_24309637"/></target></flyToObject><flyToObject><target><ref value="32_41687117"/></target></flyToObject><flyToObject><target><ref value="97_24309637"/></target></flyToObject><flyToObject><target><ref value="100_24309637"/></target></flyToObject><flyToObject><target><ref value="20_41687117"/></target></flyToObject><flyToObject><target><ref value="30_41687117"/></target></flyToObject><flyToObject><target><ref value="103_24309637"/></target></flyToObject><flyToObject><target><ref value="17_41687117"/></target></flyToObject><flyToObject><target><ref value="18_41687117"/></target></flyToObject><flyToObject><target><ref value="80_24309637"/></target></flyToObject><flyToObject><target><ref value="15_24309637"/></target></flyToObject></array></path><zObjects><array><zInvisibleFrame><id><string value="15_24309637"/></id><width><double value="980.9651103592888"/></width><height><double value="551.7928745771"/></height><styleClasses><array><token value="invisible"/></array></styleClasses><localToWorld><transform2D x="0" y="0" scale="46.515695782768994" rotation="0"/></localToWorld></zInvisibleFrame><zLine><id><string value="72_24309637"/></id><startEndDistance><double value="328.9366534738972"/></startEndDistance><styleClasses><array><token value="line3"/></array></styleClasses><localToWorld><transform2D x="5639.674258215788" y="-7826.839640902364" scale="29.925565527725308" rotation="3.141592653589793"/></localToWorld></zLine><zLine><id><string value="73_24309637"/></id><startEndDistance><double value="147.70587700949727"/></startEndDistance><styleClasses><array><token value="line3"/></array></styleClasses><localToWorld><transform2D x="717.0508780034273" y="-5616.622448767714" scale="29.925565527725283" rotation="1.5709762357083257"/></localToWorld></zLine><zLine><id><string value="74_24309637"/></id><startEndDistance><double value="448.43174923688184"/></startEndDistance><styleClasses><array><token value="line3"/></array></styleClasses><localToWorld><transform2D x="7426.288189371636" y="-3406.436741115954" scale="29.92556552772533" rotation="3.141491733630124"/></localToWorld></zLine><zLine><id><string value="75_24309637"/></id><startEndDistance><double value="130.81240407107592"/></startEndDistance><styleClasses><array><token value="line3"/></array></styleClasses><localToWorld><transform2D x="14136.075003452936" y="-1449.796307598789" scale="29.925565527725325" rotation="1.5707963267948968"/></localToWorld></zLine><zLine><id><string value="76_24309637"/></id><startEndDistance><double value="336.7349401396492"/></startEndDistance><styleClasses><array><token value="line3"/></array></styleClasses><localToWorld><transform2D x="9097.200294386736" y="507.71156593505543" scale="29.925565527725325" rotation="-3.141592653589793"/></localToWorld></zLine><zLine><id><string value="77_24309637"/></id><startEndDistance><double value="172.7147044090533"/></startEndDistance><styleClasses><array><token value="line3"/></array></styleClasses><localToWorld><transform2D x="6643.001138272249" y="4508.606034259221" scale="29.925565527725336" rotation="-3.141592653589793"/></localToWorld></zLine><zLine><id><string value="78_24309637"/></id><startEndDistance><double value="133.67657857924166"/></startEndDistance><styleClasses><array><token value="line3"/></array></styleClasses><localToWorld><transform2D x="4058.8578926805617" y="2508.7028253369576" scale="29.925565527725368" rotation="1.570860580232747"/></localToWorld></zLine><zBracketFrame><id><string value="80_24309637"/></id><width><double value="1057.8034682080925"/></width><height><double value="600"/></height><styleClasses><array><token value="bracket"/></array></styleClasses><localToWorld><transform2D x="13202.137482997445" y="-7827.315789732582" scale="5.193576353299786" rotation="0"/></localToWorld></zBracketFrame><zRectangleFrame><id><string value="84_24309637"/></id><width><double value="1056.9182389937107"/></width><height><double value="600"/></height><styleClasses><array><token value="roundrect"/></array></styleClasses><localToWorld><transform2D x="9244.158356259772" y="4628.081286340029" scale="2.053945385746403" rotation="0"/></localToWorld></zRectangleFrame><zCircleFrame><id><string value="85_24309637"/></id><width><double value="600.2079002079001"/></width><height><double value="600"/></height><styleClasses><array><token value="circle"/></array></styleClasses><localToWorld><transform2D x="9245.760677091748" y="7990.904351446032" scale="4.307143014873419" rotation="0"/></localToWorld></zCircleFrame><zText><id><string value="86_24309637"/></id><text><text><width>39.816</width><p align="center"><span><![CDATA[End]]></span></p></text></text><styleClasses><array><token value="body"/></array></styleClasses><localToWorld><transform2D x="13203.028747045177" y="-7938.698594869417" scale="38.33429821829522" rotation="0"/></localToWorld></zText><zLine><id><string value="88_24309637"/></id><startEndDistance><double value="-74.4725979880618"/></startEndDistance><styleClasses><array><token value="line3"/></array></styleClasses><localToWorld><transform2D x="9228.21639595803" y="5623.708147451027" scale="29.925565527725325" rotation="1.5707963267948957"/></localToWorld></zLine><zArrow><id><string value="90_24309637"/></id><startEndDistance><double value="886.1672252301241"/></startEndDistance><styleClasses><array><token value="line3"/></array></styleClasses><localToWorld><transform2D x="-5518.485357681941" y="8003.032263888329" scale="29.92556552772535" rotation="2.044284333306415E-16"/></localToWorld></zArrow><zText><id><string value="92_24309637"/></id><text><text><width>315.83563554372705</width><p align="center"><span><![CDATA[Implementation]]></span></p></text></text><styleClasses><array><token value="subtitle"/></array></styleClasses><localToWorld><transform2D x="9234.566247504576" y="4177.252368677644" scale="4.767932284418762" rotation="0"/></localToWorld></zText><zText><id><string value="93_24309637"/></id><text><text><width>358.64194565594283</width><p indent="1" listType="bullet"><span style="italic" weight="bold" color="15478355"><![CDATA[Creating Entity Tables Example]]></span></p><p indent="1"><span><![CDATA[CREATE TABLE Student (]]></span></p><p indent="2"><span><![CDATA[sid varchar(255),]]></span></p><p indent="2"><span><![CDATA[firstName varchar(255),]]></span></p><p indent="2"><span><![CDATA[lastName varchar(255),]]></span></p><p indent="2"><span><![CDATA[email varchar(255),]]></span></p><p indent="2"><span><![CDATA[primary key (sid)]]></span></p><p indent="1"><span><![CDATA[);]]></span></p></text></text><styleClasses><array><token value="body"/></array></styleClasses><localToWorld><transform2D x="8693.786151485261" y="4640.309281476559" scale="2.282354890969407" rotation="0"/></localToWorld></zText><zRectangleFrame><id><string value="94_24309637"/></id><width><double value="1056.9182389937107"/></width><height><double value="600"/></height><styleClasses><array><token value="roundrect"/></array></styleClasses><localToWorld><transform2D x="4334.543933725081" y="4627.204625797322" scale="1.9610726470111648" rotation="0"/></localToWorld></zRectangleFrame><zText><id><string value="95_24309637"/></id><text><text><width>315.83563554372705</width><p align="center"><span><![CDATA[Implementation]]></span></p></text></text><styleClasses><array><token value="subtitle"/></array></styleClasses><localToWorld><transform2D x="4325.385548970756" y="4198.179062607408" scale="4.5523418736750925" rotation="0"/></localToWorld></zText><zText><id><string value="96_24309637"/></id><text><text><width>849.7299273890426</width><p indent="1" listType="bullet"><span style="italic" weight="bold" color="15478355"><![CDATA[Inserting Data Into Professor Table Example:]]></span></p><p indent="1"><span><![CDATA[INSERT INTO Professor (pid, firstName, lastName, email) VALUES ('0001', 'Anthony', 'Souza', 'ajouza@mail.sfsu.edu');]]></span></p><p indent="1" listType="bullet"><span style="italic" weight="bold" color="15478355"><![CDATA[Inserting Data Into Student Table Example:]]></span></p><p indent="1"><span><![CDATA[INSERT INTO Student (sid, firstName, lastName, email) VALUES ('916896746', 'Lebron', 'James', 'hairline@mail.sfsu.edu');]]></span></p><p indent="1" listType="bullet"><span style="italic" weight="bold" color="15478355"><![CDATA[Inserting Data Into Department Table Example:]]></span></p><p indent="1"><span><![CDATA[INSERT INTO Department (did) VALUES ('Computer Science');]]></span></p><p indent="1" listType="bullet"><span style="italic" weight="bold" color="15478355"><![CDATA[Inserting Data Into Offers Table Example:]]></span></p><p indent="1"><span><![CDATA[INSERT INTO Offers (did, cid) VALUES ('Computer Science', '8574');]]></span></p><p indent="1" listType="bullet"><span style="italic" weight="bold" color="15478355"><![CDATA[Inserting Data Into Enrolled Table Example:]]></span></p><p indent="1"><span><![CDATA[INSERT INTO Enrolled (cid, sid) VALUES ('10118', '916132964');]]></span></p><p/></text></text><styleClasses><array><token value="body"/></array></styleClasses><localToWorld><transform2D x="4328.116777540427" y="4724.178272538131" scale="2.1791542163258293" rotation="0"/></localToWorld></zText><zRectangleFrame><id><string value="97_24309637"/></id><width><double value="1056.9182389937107"/></width><height><double value="600"/></height><styleClasses><array><token value="roundrect"/></array></styleClasses><localToWorld><transform2D x="9246.15306618514" y="507.8165558303372" scale="1.9610726470111648" rotation="0"/></localToWorld></zRectangleFrame><zText><id><string value="98_24309637"/></id><text><text><width>315.83563554372705</width><p align="center"><span><![CDATA[SQL Queries]]></span></p></text></text><styleClasses><array><token value="subtitle"/></array></styleClasses><localToWorld><transform2D x="9240.220349215662" y="82.10154641952171" scale="4.552341873675094" rotation="0"/></localToWorld></zText><zImage><id><string value="5_41687117"/></id><onlineAssetId><string value="4964649255"/></onlineAssetId><onlineAssetUrl><string value="http://0103.static.prezi.com.s3.amazonaws.com/media/f/8/a/a56e0e4030f41d8e168b07d13a73c0d7d6164.png"/></onlineAssetUrl><assetSourceFilename><string value="SQL.png"/></assetSourceFilename><width><double value="307"/></width><height><double value="168"/></height><localToWorld><transform2D x="9164.02178658555" y="800.991699003423" scale="2.3777515325780527" rotation="0"/></localToWorld></zImage><zText><id><string value="99_24309637"/></id><text><text><width>849.7299273890426</width><p indent="1" listType="bullet"><span style="italic" weight="bold" color="15478355"><![CDATA[Returns all classes that are offered with meeting days on M/W/F]]></span></p><p indent="1"><span><![CDATA[SELECT C.cName, C.meetingDays AS meetingDay]]></span></p><p indent="1"><span><![CDATA[FROM course C]]></span></p><p indent="1"><span><![CDATA[GROUP BY C.cName]]></span></p><p indent="1"><span><![CDATA[HAVING C.meetingDay = 'M/W/F';]]></span></p></text></text><styleClasses><array><token value="body"/></array></styleClasses><localToWorld><transform2D x="9248.926990982029" y="355.68597586708603" scale="2.1791542163258293" rotation="0"/></localToWorld></zText><zRectangleFrame><id><string value="100_24309637"/></id><width><double value="1056.9182389937107"/></width><height><double value="600"/></height><styleClasses><array><token value="roundrect"/></array></styleClasses><localToWorld><transform2D x="14043.485668629948" y="508.74625671580424" scale="1.9610726470111648" rotation="0"/></localToWorld></zRectangleFrame><zText><id><string value="101_24309637"/></id><text><text><width>315.83563554372705</width><p align="center"><span><![CDATA[SQL Queries]]></span></p></text></text><styleClasses><array><token value="subtitle"/></array></styleClasses><localToWorld><transform2D x="14034.327283875622" y="79.72069352584818" scale="4.552341873675094" rotation="0"/></localToWorld></zText><zImage><id><string value="11_41687117"/></id><onlineAssetId><string value="4964650634"/></onlineAssetId><onlineAssetUrl><string value="http://0103.static.prezi.com.s3.amazonaws.com/media/6/3/f/6ec909b0ed6e3a8e0b3cafc92b83ccc4f8b13.png"/></onlineAssetUrl><assetSourceFilename><string value="SQL.png"/></assetSourceFilename><width><double value="253"/></width><height><double value="107"/></height><localToWorld><transform2D x="13987.165976199409" y="770.218436071924" scale="3.2478900463713054" rotation="0"/></localToWorld></zImage><zText><id><string value="102_24309637"/></id><text><text><width>849.7299273890426</width><p indent="1" listType="bullet"><span style="italic" weight="bold" color="15478355"><![CDATA[Determines how many professors are teaching computer science courses:]]></span></p><p indent="1"><span><![CDATA[SELECT C.did, COUNT(*)]]></span></p><p indent="1"><span><![CDATA[FROM contains C]]></span></p><p indent="1"><span><![CDATA[GROUP BY C.did]]></span></p><p indent="1"><span><![CDATA[HAVING C.did = 'Computer Science';]]></span></p></text></text><styleClasses><array><token value="body"/></array></styleClasses><localToWorld><transform2D x="14037.034868678778" y="350.2408313531881" scale="2.1791542163258293" rotation="0"/></localToWorld></zText><zRectangleFrame><id><string value="103_24309637"/></id><width><double value="1056.9182389937107"/></width><height><double value="600"/></height><styleClasses><array><token value="roundrect"/></array></styleClasses><localToWorld><transform2D x="729.9144882903474" y="-3316.580684783483" scale="1.9610726470111648" rotation="0"/></localToWorld></zRectangleFrame><zText><id><string value="104_24309637"/></id><text><text><width>315.83563554372705</width><p align="center"><span><![CDATA[SQL Queries]]></span></p></text></text><styleClasses><array><token value="subtitle"/></array></styleClasses><localToWorld><transform2D x="720.7561035360195" y="-3745.606247973459" scale="4.552341873675094" rotation="0"/></localToWorld></zText><zText><id><string value="105_24309637"/></id><text><text><width>849.7299273890426</width><p indent="1" listType="bullet"><span style="italic" weight="bold" color="15478355"><![CDATA[Find all course ID's offered by the Computer Science Department:]]></span></p><p indent="1"><span><![CDATA[SELECT O.cid]]></span></p><p indent="1"><span><![CDATA[FROM offers O]]></span></p><p indent="1"><span><![CDATA[WHERE O.did IN (SELECT C.did]]></span></p><p indent="6"><span><![CDATA[FROM contains C]]></span></p><p indent="6"><span><![CDATA[WHERE C.did = 'Computer Science');]]></span></p></text></text><styleClasses><array><token value="body"/></array></styleClasses><localToWorld><transform2D x="737.6143374555074" y="-3440.097652736507" scale="2.1791542163258293" rotation="0"/></localToWorld></zText><zLine><id><string value="58_24309637"/></id><startEndDistance><double value="363.24354648417994"/></startEndDistance><styleClasses><array><token value="line5"/></array></styleClasses><localToWorld><transform2D x="13218.271141890207" y="8002.591385424219" scale="13.557696548543332" rotation="-5.204170427930421E-18"/></localToWorld></zLine><zLine><id><string value="59_24309637"/></id><startEndDistance><double value="196.36076030807288"/></startEndDistance><styleClasses><array><token value="line5"/></array></styleClasses><localToWorld><transform2D x="15680.3417411482" y="6671.432269352765" scale="13.557696548543332" rotation="-1.5707963267948968"/></localToWorld></zLine><zLine><id><string value="60_24309637"/></id><startEndDistance><double value="236.9030289167958"/></startEndDistance><styleClasses><array><token value="line5"/></array></styleClasses><localToWorld><transform2D x="17286.40676807189" y="5340.9180757478525" scale="13.557696548543298" rotation="-3.1414374958616755"/></localToWorld></zLine><zLine><id><string value="61_24309637"/></id><startEndDistance><double value="600.1190117094682"/></startEndDistance><styleClasses><array><token value="line5"/></array></styleClasses><localToWorld><transform2D x="18892.001056073354" y="1272.2167413193674" scale="13.557696548543332" rotation="1.5707963267948961"/></localToWorld></zLine><zLine><id><string value="63_24309637"/></id><startEndDistance><double value="236.8640029934904"/></startEndDistance><styleClasses><array><token value="line5"/></array></styleClasses><localToWorld><transform2D x="17282.358135478586" y="-2794.9495765535053" scale="13.557696548543332" rotation="-1.554312234475219E-16"/></localToWorld></zLine><zText><id><string value="70_24309637"/></id><text><text><width>274.8021008633888</width><p><span><![CDATA[CSC 675: Database Project]]></span></p></text></text><styleClasses><array><token value="title"/></array></styleClasses><localToWorld><transform2D x="-8048.754482034441" y="7000.169196866293" scale="78.11758162022944" rotation="-1.554312234475219E-16"/></localToWorld></zText><zText><id><string value="81_24309637"/></id><text><text><width>313.04239127918635</width><p><span><![CDATA[By: Ryan Jin & Albert Shevchuk]]></span></p></text></text><styleClasses><array><token value="body"/></array></styleClasses><localToWorld><transform2D x="-9884.337395712952" y="8935.227093018777" scale="56.41832554998447" rotation="0"/></localToWorld></zText><zLine><id><string value="82_24309637"/></id><startEndDistance><double value="143.26428771166303"/></startEndDistance><styleClasses><array><token value="line5"/></array></styleClasses><localToWorld><transform2D x="15676.357666323069" y="-3765.659785782857" scale="13.557696548543351" rotation="-1.570823922756769"/></localToWorld></zLine><zCircle><id><string value="83_24309637"/></id><radius><double value="20"/></radius><styleClasses><array><token value="circle"/><token value="poly5"/></array></styleClasses><localToWorld><transform2D x="15675.942461866258" y="-5000.058991150713" scale="13.161874285259607" rotation="0"/></localToWorld></zCircle><zRectangleFrame><id><string value="0_41687117"/></id><width><double value="1016.49951171875"/></width><height><double value="600"/></height><styleClasses><array><token value="roundrect"/></array></styleClasses><localToWorld><transform2D x="13218.104384299835" y="8003.76775607002" scale="1.8978423475611192" rotation="0"/></localToWorld></zRectangleFrame><zText><id><string value="0"/></id><text><text><width>-95.20800000000001</width><p><span><![CDATA[Database]]></span></p></text></text><styleClasses><array><token value="body"/></array></styleClasses><localToWorld><transform2D x="9224.727491322368" y="7949.313425490786" scale="19.509443123366285" rotation="0"/></localToWorld></zText><zText><id><string value="1_41687117"/></id><text><text><width>315.83563554372705</width><p align="center"><span><![CDATA[What Is A Database?]]></span></p></text></text><styleClasses><array><token value="subtitle"/></array></styleClasses><localToWorld><transform2D x="13204.086464810922" y="7622.4174265061565" scale="5.611094306718996" rotation="0"/></localToWorld></zText><zText><id><string value="2_41687117"/></id><text><text><width>849.7299273890426</width><p indent="1" listType="bullet"><span><![CDATA[A database is a very large, integrated collection of structured data.]]></span></p><p indent="1" listType="bullet"><span><![CDATA[It can model a real-life enterprise including entities as well as relationships among these entities.]]></span></p><p indent="1" listType="bullet"><span><![CDATA[A few examples of database applications include:]]></span></p><p indent="2" listType="bullet"><span><![CDATA[Universities]]></span></p><p indent="2" listType="bullet"><span><![CDATA[Banking Systems]]></span></p><p indent="2" listType="bullet"><span><![CDATA[Airline Systems]]></span></p><p indent="2" listType="bullet"><span><![CDATA[Government Systems (police, firefighters, paramedics)]]></span></p></text></text><styleClasses><array><token value="body"/></array></styleClasses><localToWorld><transform2D x="13260.504938471717" y="8056.906388525665" scale="2.108892375768258" rotation="0"/></localToWorld></zText><zRectangleFrame><id><string value="3_41687117"/></id><width><double value="1151.066665649414"/></width><height><double value="600"/></height><styleClasses><array><token value="roundrect"/></array></styleClasses><localToWorld><transform2D x="17286.01902237253" y="5340.609771938195" scale="1.83663897869835" rotation="0"/></localToWorld></zRectangleFrame><zText><id><string value="4_41687117"/></id><text><text><width>315.83563554372705</width><p align="center"><span><![CDATA[Our Design]]></span></p></text></text><styleClasses><array><token value="subtitle"/></array></styleClasses><localToWorld><transform2D x="17284.533517471613" y="4957.816380470584" scale="4.287148571296253" rotation="0"/></localToWorld></zText><zRectangleFrame><id><string value="6_41687117"/></id><width><double value="1175.6386785258956"/></width><height><double value="600"/></height><styleClasses><array><token value="roundrect"/></array></styleClasses><localToWorld><transform2D x="18846.684793519868" y="2888.8282519980826" scale="1.7773704414784317" rotation="0"/></localToWorld></zRectangleFrame><zText><id><string value="7_41687117"/></id><text><text><width>315.83563554372705</width><p align="center"><span><![CDATA[Our Design]]></span></p></text></text><styleClasses><array><token value="subtitle"/></array></styleClasses><localToWorld><transform2D x="18828.36208031326" y="2492.071114461855" scale="4.590659560122512" rotation="0"/></localToWorld></zText><zText><id><string value="8_41687117"/></id><text><text><width>849.7299273890426</width><p indent="1" listType="bullet"><span><![CDATA[For our relationships between these entities, we decided to use:]]></span></p><p indent="2" listType="bullet"><span><![CDATA[Relationship of many-to-one between Course and Professor as one course is instructed by one professor, but the professor can teach many courses.]]></span></p><p indent="2" listType="bullet"><span><![CDATA[Relationship of one-to-many between Department and Professor since a department can have many professors but a professor can belong to only one department.]]></span></p><p indent="2" listType="bullet"><span><![CDATA[Relationship of many-to-many between Course and Student since a department can offer many courses and students can enroll in many courses.]]></span></p><p indent="2" listType="bullet"><span><![CDATA[Relationship of one-to-many between Department and Course since a department can list many courses but a course belongs to one department.]]></span></p></text></text><styleClasses><array><token value="body"/></array></styleClasses><localToWorld><transform2D x="18802.938725009004" y="2942.492169863896" scale="2.197453944523453" rotation="0"/></localToWorld></zText><zText><id><string value="9_41687117"/></id><text><text><width>471.6717717015256</width><p indent="1" listType="bullet"><span style="italic" weight="bold" color="15478355"><![CDATA[Creating Relation Tables Example]]></span></p><p indent="1"><span><![CDATA[CREATE TABLE Enrolled (]]></span></p><p indent="2"><span><![CDATA[cid varchar(255),]]></span></p><p indent="2"><span><![CDATA[sid varchar(255),]]></span></p><p indent="2"><span><![CDATA[primary key (cid, sid),]]></span></p><p indent="2"><span><![CDATA[foreign key (cid) references Course(cid)]]></span></p><p indent="2"><span><![CDATA[foreign key (sid) references Student(sid)]]></span></p><p indent="1"><span><![CDATA[);]]></span></p></text></text><styleClasses><array><token value="body"/></array></styleClasses><localToWorld><transform2D x="9687.048397175451" y="4640.394167470895" scale="2.282354890969407" rotation="0"/></localToWorld></zText><zText><id><string value="10_41687117"/></id><text><text><width>849.7299273890426</width><p indent="1" listType="bullet"><span><![CDATA[For this project, we decided to model a university to practice the basic database concepts.  We chose a university because as students at SFSU, we were always interested in how registering for classes was performed through a database as well as why it is so hard to get upper division computer science electives..]]></span></p><p indent="1" listType="bullet"><span><![CDATA[For our four entities, we decided to use:]]></span></p><p indent="2" listType="bullet"><span><![CDATA[Department]]></span></p><p indent="2" listType="bullet"><span><![CDATA[Course]]></span></p><p indent="2" listType="bullet"><span><![CDATA[Professor]]></span></p><p indent="2" listType="bullet"><span><![CDATA[Student]]></span></p></text></text><styleClasses><array><token value="body"/></array></styleClasses><localToWorld><transform2D x="17267.894114332197" y="5382.194214905972" scale="2.05220920229645" rotation="0"/></localToWorld></zText><zRectangleFrame><id><string value="17_41687117"/></id><width><double value="1034.1983654612332"/></width><height><double value="600"/></height><styleClasses><array><token value="roundrect"/></array></styleClasses><localToWorld><transform2D x="719.9622724981193" y="-7905.652475297087" scale="1.9876713696198616" rotation="-1.5543122344752193E-16"/></localToWorld></zRectangleFrame><zRectangleFrame><id><string value="18_41687117"/></id><width><double value="1042.05078125"/></width><height><double value="600"/></height><styleClasses><array><token value="roundrect"/></array></styleClasses><localToWorld><transform2D x="7224.530011613695" y="-7826.21788443783" scale="1.7201209735021956" rotation="0"/></localToWorld></zRectangleFrame><zImage><id><string value="12_41687117"/></id><onlineAssetId><string value="4964653973"/></onlineAssetId><onlineAssetUrl><string value="http://0103.static.prezi.com.s3.amazonaws.com/media/4/2/f/0c1288643d00b2ab27df241f0a8ea5ba9aec3.png"/></onlineAssetUrl><assetSourceFilename><string value="SQL.png"/></assetSourceFilename><width><double value="257"/></width><height><double value="180"/></height><localToWorld><transform2D x="636.5406256599673" y="-2997.391374641866" scale="2.1517060128767262" rotation="0"/></localToWorld></zImage><zText><id><string value="13_41687117"/></id><text><text><width>315.83563554372705</width><p align="center"><span><![CDATA[SQL Queries]]></span></p></text></text><styleClasses><array><token value="subtitle"/></array></styleClasses><localToWorld><transform2D x="692.1890933502794" y="-8348.254592253868" scale="4.614086898216835" rotation="0"/></localToWorld></zText><zText><id><string value="14_41687117"/></id><text><text><width>849.7299273890426</width><p indent="1" listType="bullet"><span style="italic" weight="bold" color="15478355"><![CDATA[Find all course ID's offered by the Physics Department:]]></span></p><p indent="1"><span><![CDATA[SELECT O.cid]]></span></p><p indent="1"><span><![CDATA[FROM offers O]]></span></p><p indent="1"><span><![CDATA[WHERE EXISTS (SELECT *]]></span></p><p indent="6"><span><![CDATA[FROM contains C]]></span></p><p indent="6"><span><![CDATA[WHERE O.did = C.did AND c.did = 'Physics');]]></span></p></text></text><styleClasses><array><token value="body"/></array></styleClasses><localToWorld><transform2D x="716.5083519244358" y="-8027.79448876405" scale="2.208710856468642" rotation="0"/></localToWorld></zText><zImage><id><string value="15_41687117"/></id><onlineAssetId><string value="4964655001"/></onlineAssetId><onlineAssetUrl><string value="http://0103.static.prezi.com.s3.amazonaws.com/media/8/8/e/cce79a10862fd22107200a7627e039bfeba78.png"/></onlineAssetUrl><assetSourceFilename><string value="SQL.png"/></assetSourceFilename><width><double value="306"/></width><height><double value="167"/></height><localToWorld><transform2D x="671.1876520499533" y="-7579.136662157592" scale="2.205642249656792" rotation="-1.5543122344752196E-16"/></localToWorld></zImage><zText><id><string value="16_41687117"/></id><text><text><width>315.83563554372705</width><p align="center"><span><![CDATA[Conclusion]]></span></p></text></text><styleClasses><array><token value="subtitle"/></array></styleClasses><localToWorld><transform2D x="7239.443087195032" y="-8204.14121493831" scale="3.995480756878365" rotation="0"/></localToWorld></zText><zText><id><string value="19_41687117"/></id><text><text><width>849.7299273890426</width><p indent="1" listType="bullet"><span weight="bold" style="italic"><![CDATA[Thanks to this course, everyone in our group now understands the basic concepts of a database and how it is applied to real-life situations.]]></span></p><p/><p indent="1" listType="bullet"><span weight="bold" style="italic"><![CDATA[We now understand how registering for courses is performed here at our very own San Francisco State.]]></span></p><p/><p indent="1" listType="bullet"><span weight="bold" style="italic"><![CDATA[Thank you very much for watching our presentation and we would like to wish everyone a safe and fun summer break.]]></span></p><p/><p indent="1" listType="bullet"><span weight="bold" style="italic"><![CDATA[Also, I hope everyone passes this course with an A. :D]]></span></p></text></text><styleClasses><array><token value="body"/></array></styleClasses><localToWorld><transform2D x="7242.179431338392" y="-7781.63212073598" scale="1.9114074522994755" rotation="0"/></localToWorld></zText><zRectangleFrame><id><string value="23_41687117"/></id><width><double value="1145.699462890625"/></width><height><double value="665"/></height><styleClasses><array><token value="roundrect"/></array></styleClasses><localToWorld><transform2D x="18846.738008485027" y="-609.9022885420354" scale="1.664599097768062" rotation="0"/></localToWorld></zRectangleFrame><zText><id><string value="24_41687117"/></id><text><text><width>315.83563554372705</width><p align="center"><span><![CDATA[ER Diagram]]></span></p></text></text><styleClasses><array><token value="subtitle"/></array></styleClasses><localToWorld><transform2D x="18846.695755902387" y="-1022.7136533763952" scale="4.331847444784324" rotation="0"/></localToWorld></zText><zRectangleFrame><id><string value="26_41687117"/></id><width><double value="971.25"/></width><height><double value="600"/></height><styleClasses><array><token value="roundrect"/></array></styleClasses><localToWorld><transform2D x="17331.823495488436" y="-2794.361252088043" scale="1.7854379749754956" rotation="0"/></localToWorld></zRectangleFrame><zText><id><string value="27_41687117"/></id><text><text><width>315.83563554372705</width><p align="center"><span><![CDATA[Logical Design]]></span></p></text></text><styleClasses><array><token value="subtitle"/></array></styleClasses><localToWorld><transform2D x="17277.67629132304" y="-3175.571099485417" scale="4.2054200833821005" rotation="0"/></localToWorld></zText><zText><id><string value="28_41687117"/></id><text><text><width>849.7299273890426</width><p indent="1" listType="bullet"><span><![CDATA[Department ( did: varchar )]]></span></p><p indent="1" listType="bullet"><span><![CDATA[Course ( cid: varchar, cName: varchar, startTime: varchar, endTime: varchar )]]></span></p><p indent="1" listType="bullet"><span><![CDATA[Professor ( pid: varchar, firstName: varchar, lastName: varchar, email: varchar )]]></span></p><p indent="1" listType="bullet"><span><![CDATA[Student ( sid: varchar, firstName: varchar, lastName: varchar, email: varchar )]]></span></p><p indent="1" listType="bullet"><span><![CDATA[Offers ( did: varchar, cid: varchar )]]></span></p><p indent="1" listType="bullet"><span><![CDATA[Enrolled ( cid: varchar, sid: varchar )]]></span></p><p indent="1" listType="bullet"><span><![CDATA[Instrcuted ( cid: varchar, pid: varchar)]]></span></p><p indent="1" listType="bullet"><span><![CDATA[Contains ( did: varchar, pid: varchar )]]></span></p></text></text><styleClasses><array><token value="body"/></array></styleClasses><localToWorld><transform2D x="17311.865515304868" y="-2801.173578640258" scale="1.780140076536743" rotation="0"/></localToWorld></zText><zRectangleFrame><id><string value="20_41687117"/></id><width><double value="1116.5246887207031"/></width><height><double value="600"/></height><styleClasses><array><token value="roundrect"/></array></styleClasses><localToWorld><transform2D x="14042.159491610766" y="-3316.6879405157524" scale="1.785382164467551" rotation="0"/></localToWorld></zRectangleFrame><zText><id><string value="21_41687117"/></id><text><text><width>315.83563554372705</width><p align="center"><span><![CDATA[SQL Queries]]></span></p></text></text><styleClasses><array><token value="subtitle"/></array></styleClasses><localToWorld><transform2D x="14088.648435947667" y="-3690.372888714842" scale="5.214430635308815" rotation="0"/></localToWorld></zText><zImage><id><string value="29_41687117"/></id><onlineAssetId><string value="4965320259"/></onlineAssetId><onlineAssetUrl><string value="http://0103.static.prezi.com.s3.amazonaws.com/media/d/e/3/334255309e13eeaaf65523c55a0a8c7b5bf91.png"/></onlineAssetUrl><assetSourceFilename><string value="SQL.png"/></assetSourceFilename><width><double value="284"/></width><height><double value="186"/></height><localToWorld><transform2D x="14324.48019546859" y="-3091.3667886615062" scale="2.4082493765223862" rotation="0"/></localToWorld></zImage><zText><id><string value="22_41687117"/></id><text><text><width>849.7299273890426</width><p indent="1" listType="bullet"><span style="italic" weight="bold" color="15478355"><![CDATA[Returns the first 6 professors according to their professor ID]]></span></p><p indent="1"><span><![CDATA[SELECT C.lastName, C.pid AS professorID]]></span></p><p indent="1"><span><![CDATA[FROM contains C]]></span></p><p indent="1"><span><![CDATA[GROUP BY C.lastName]]></span></p><p indent="1"><span><![CDATA[HAVING C.pid < '0007';]]></span></p></text></text><styleClasses><array><token value="body"/></array></styleClasses><localToWorld><transform2D x="14041.617518072091" y="-3345.5858542527258" scale="1.9866095350123565" rotation="0"/></localToWorld></zText><zRectangleFrame><id><string value="30_41687117"/></id><width><double value="1077.8984375"/></width><height><double value="600"/></height><styleClasses><array><token value="roundrect"/></array></styleClasses><localToWorld><transform2D x="7426.565457726575" y="-3405.075581862658" scale="1.6646601440244173" rotation="0"/></localToWorld></zRectangleFrame><zText><id><string value="31_41687117"/></id><text><text><width>849.7299273890426</width><p indent="1" listType="bullet"><span style="italic" weight="bold" color="15478355"><![CDATA[Returns all of the classes enrolled by student with sid = 000000001]]></span></p><p indent="1"><span><![CDATA[SELECT E.sid, E.cid as classesEnrolled]]></span></p><p indent="1"><span><![CDATA[FROM enrolled E]]></span></p><p indent="1"><span><![CDATA[WHERE E.sid = '000000001';]]></span></p></text></text><styleClasses><array><token value="body"/></array></styleClasses><localToWorld><transform2D x="7431.82076155991" y="-3525.607618352157" scale="1.849779087546326" rotation="0"/></localToWorld></zText><zText><id><string value="33_41687117"/></id><text><text><width>315.83563554372705</width><p align="center"><span><![CDATA[SQL Queries]]></span></p></text></text><styleClasses><array><token value="subtitle"/></array></styleClasses><localToWorld><transform2D x="7425.777162151573" y="-3770.089278736745" scale="3.8642638204301183" rotation="0"/></localToWorld></zText><zImage><id><string value="34_41687117"/></id><onlineAssetId><string value="4965321455"/></onlineAssetId><onlineAssetUrl><string value="http://0103.static.prezi.com.s3.amazonaws.com/media/0/a/b/e2fce1349c821949eddc3b8f6d526fc4f3d23.png"/></onlineAssetUrl><assetSourceFilename><string value="SQL.png"/></assetSourceFilename><width><double value="277"/></width><height><double value="122"/></height><localToWorld><transform2D x="7057.051906945195" y="-3188.622755227165" scale="2.5492477701881655" rotation="0"/></localToWorld></zImage><zImage><id><string value="25_41687117"/></id><onlineAssetId><string value="4965359601"/></onlineAssetId><onlineAssetUrl><string value="http://0103.static.prezi.com.s3.amazonaws.com/media/6/d/4/886abf28649d624bb65fc936e72fecf3ecae5.png"/></onlineAssetUrl><assetSourceFilename><string value="Screen Shot 2018-05-14 at 4.47.33 PM.png"/></assetSourceFilename><width><double value="1646"/></width><height><double value="1220"/></height><localToWorld><transform2D x="18831.69048537703" y="-534.7954391290726" scale="0.6639935172697565" rotation="0"/></localToWorld></zImage><zRectangleFrame><id><string value="32_41687117"/></id><width><double value="981.998046875"/></width><height><double value="600"/></height><styleClasses><array><token value="roundrect"/></array></styleClasses><localToWorld><transform2D x="4333.066271403505" y="509.41943732922795" scale="1.897870839233559" rotation="0"/></localToWorld></zRectangleFrame><zText><id><string value="35_41687117"/></id><text><text><width>315.83563554372705</width><p align="center"><span><![CDATA[Indexes]]></span></p></text></text><styleClasses><array><token value="subtitle"/></array></styleClasses><localToWorld><transform2D x="4344.842559663913" y="97.7811805880262" scale="4.235423972758737" rotation="0"/></localToWorld></zText><zText><id><string value="36_41687117"/></id><text><text><width>849.7299273890426</width><p indent="1" listType="bullet"><span style="italic"><![CDATA[For our indexes, we decided to use the following:]]></span></p><p/><p indent="2" listType="bullet"><span><![CDATA[CREATE INDEX profFirstName ON Professor(firstName(4));]]></span></p><p indent="1"/><p indent="2" listType="bullet"><span style="italic"><![CDATA[CREATE INDEX className ON Course(cName(6));]]></span></p><p indent="1"/><p indent="2" listType="bullet"><span style="italic"><![CDATA[CREATE INDEX studFirstName ON Student(firstName(4));]]></span></p></text></text><styleClasses><array><token value="body"/></array></styleClasses><localToWorld><transform2D x="4323.9491450083515" y="445.2691395551324" scale="2.022084679466533" rotation="0"/></localToWorld></zText></array></zObjects></prezi>